user,total_edits,unique_pages
DuskBOT,450,450
Gammaton32,263,125
Monster Domosed,73,42
DoormansWife,55,38
Mr. Mindish,46,21
Deadbot,46,14
LVL,36,24
Nimrod333,21,9
ComradeMedic,18,7
Chlo,11,4
45.186.128.157,6,6
66.41.98.202,5,5
SquidEevee,5,3
RainyMelody07,4,1
Compsoter,4,1
Solaire,3,1
151.197.206.61,3,2
One Bar,3,3
Samlovesmath,2,1
188.129.82.127,2,1
88.178.163.208,2,1
Drifter,2,1
Redismyfavoritecolor,2,2
104.179.45.185,1,1
153.142.128.10,1,1
136.244.56.213,1,1
149.76.38.70,1,1
204.191.189.171,1,1
206.47.156.234,1,1
194.126.177.15,1,1
184.162.201.124,1,1
50.24.116.84,1,1
35.129.193.45,1,1
24.12.205.189,1,1
213.41.252.59,1,1
76.250.94.75,1,1
DuskFyre,1,1
81.135.71.136,1,1
A Wild Turkey,1,1
LeoJoeD,1,1
Oniric0,1,1
Mgpt,1,1
M14take,1,1
Pusheen it,1,1
Saag,1,1
Sirimagery,1,1
ZeWaka,1,1
